id,category,topic,displayTopic,minLabel,maxLabel
1,意外な一面・価値観,友達にされても意外と許せること,友達にされても｜意外と許せること,かなり軽め,かなり強め
2,意外な一面・価値観,実はちょっと憧れている生き方,実はちょっと憧れている生き方,かなり軽め,かなり強め
3,意外な一面・価値観,急に100万円もらったらやってみたいこと,急に100万円もらったら｜やってみたいこと,かなり軽め,かなり強め
4,意外な一面・価値観,自分では意外と得意だと思っていること,自分では意外と得意｜だと思っていること,かなり軽め,かなり強め
5,意外な一面・価値観,一人だったらこっそりやってみたいこと,一人だったら｜こっそりやってみたいこと,かなり軽め,かなり強め
6,意外な一面・価値観,実は言われると結構うれしい褒め言葉,実は言われると｜結構うれしい褒め言葉,かなり軽め,かなり強め
7,意外な一面・価値観,友達には見られたくない瞬間,友達には見られたくない瞬間,かなり軽め,かなり強め
8,意外な一面・価値観,人生をやり直せるなら変えてみたいこと,人生をやり直せるなら｜変えてみたいこと,かなり軽め,かなり強め
9,意外な一面・価値観,意外とこれだけは譲れないと思うこと,意外とこれだけは｜譲れないと思うこと,かなり軽め,かなり強め
10,意外な一面・価値観,周りから勘違いされていると思う自分の一面,周りから勘違いされていると思う｜自分の一面,かなり軽め,かなり強め
11,意外な一面・価値観,実は人より気にしていること,実は人より気にしていること,かなり軽め,かなり強め
12,意外な一面・価値観,誰にも言っていない小さなこだわり,誰にも言っていない｜小さなこだわり,かなり軽め,かなり強め
13,意外な一面・価値観,意外と本気で怒ってしまいそうなこと,意外と本気で怒っ｜てしまいそうなこと,かなり軽め,かなり強め
14,意外な一面・価値観,実はちょっと怖いと思っているもの,実はちょっと怖｜いと思っているもの,かなり軽め,かなり強め
15,意外な一面・価値観,人には言いづらいけど苦手なこと,人には言いづらいけど｜苦手なこと,かなり軽め,かなり強め
16,意外な一面・価値観,自分だけは分かってほしいと思うこと,自分だけは分かっ｜てほしいと思うこと,かなり軽め,かなり強め
17,意外な一面・価値観,実は密かに自信があるところ,実は密かに自信があるところ,かなり軽め,かなり強め
18,意外な一面・価値観,思っているより傷ついてしまう一言,思っているより｜傷ついてしまう一言,かなり軽め,かなり強め
19,意外な一面・価値観,意外と簡単に機嫌が直ること,意外と簡単に機嫌が直ること,かなり軽め,かなり強め
20,意外な一面・価値観,本当は誰かにやってほしいこと,本当は誰かにやってほしいこと,かなり軽め,かなり強め
21,意外な一面・価値観,実は一度くらい注目されてみたい場面,実は一度くらい｜注目されてみたい場面,かなり軽め,かなり強め
22,意外な一面・価値観,人に任せるより自分でやりたいこと,人に任せるより自｜分でやりたいこと,かなり軽め,かなり強め
23,意外な一面・価値観,実はかなり面倒くさがっていること,実はかなり面倒く｜さがっていること,かなり軽め,かなり強め
24,意外な一面・価値観,意外と我慢できると思うこと,意外と我慢できると思うこと,かなり軽め,かなり強め
25,意外な一面・価値観,これをされたら急に仲良くなれそうなこと,これをされたら｜急に仲良くなれそうなこと,かなり軽め,かなり強め
26,意外な一面・価値観,友達にされたら少し距離を置きたくなること,友達にされたら｜少し距離を置きたくなること,かなり軽め,かなり強め
27,意外な一面・価値観,自分の性格で意外と好きなところ,自分の性格で｜意外と好きなところ,かなり軽め,かなり強め
28,意外な一面・価値観,自分の性格でこっそり直したいところ,自分の性格で｜こっそり直したいところ,かなり軽め,かなり強め
29,意外な一面・価値観,実は他人と比べてしまうこと,実は他人と比べてしまうこと,かなり軽め,かなり強め
30,意外な一面・価値観,つい見栄を張ってしまいそうな場面,つい見栄を張っ｜てしまいそうな場面,かなり軽め,かなり強め
31,意外な一面・価値観,誰にもバレないなら一度やってみたいズル,誰にもバレないなら｜一度やってみたいズル,かなり軽め,かなり強め
32,意外な一面・価値観,一日だけ別人として過ごすならやってみたいこと,一日だけ別人として過ごすなら｜やってみたいこと,かなり軽め,かなり強め
33,意外な一面・価値観,実はちょっとだけ羨ましいと思う人の特徴,実はちょっとだけ羨ましいと思う｜人の特徴,かなり軽め,かなり強め
34,意外な一面・価値観,自分が思う『大人になったな』と感じる瞬間,自分が思う『大人になったな』と｜感じる瞬間,かなり軽め,かなり強め
35,意外な一面・価値観,逆にまだ子どもだなと思う自分の一面,逆にまだ子どもだ｜なと思う自分の一面,かなり軽め,かなり強め
36,意外な一面・価値観,意外とお金をかけてもいいと思うもの,意外とお金をかけても｜いいと思うもの,かなり軽め,かなり強め
37,意外な一面・価値観,できれば一円も使いたくないと思うもの,できれば一円も使｜いたくないと思うもの,かなり軽め,かなり強め
38,意外な一面・価値観,突然一週間休みになったら最初にすること,突然一週間休みになったら｜最初にすること,かなり軽め,かなり強め
39,意外な一面・価値観,仕事を辞めても困らないならやってみたいこと,仕事を辞めても困らないなら｜やってみたいこと,かなり軽め,かなり強め
40,意外な一面・価値観,今の自分に一番足りないと思うもの,今の自分に｜一番足りないと思うもの,かなり軽め,かなり強め
41,意外な一面・価値観,今の自分に意外と十分あると思うもの,今の自分に｜意外と十分あると思うもの,かなり軽め,かなり強め
42,意外な一面・価値観,昔よりかなり変わったと思う価値観,昔よりかなり変わ｜ったと思う価値観,かなり軽め,かなり強め
43,意外な一面・価値観,昔から全然変わっていないと思う価値観,昔から全然変わっ｜ていないと思う価値観,かなり軽め,かなり強め
44,意外な一面・価値観,実はもう一度やり直したい思い出,実はもう一度や｜り直したい思い出,かなり軽め,かなり強め
45,意外な一面・価値観,もう二度と経験したくないと思うこと,もう二度と経験した｜くないと思うこと,かなり軽め,かなり強め
46,意外な一面・価値観,人生で一度くらい失敗してもいいと思えること,人生で一度くらい｜失敗してもいいと思えること,かなり軽め,かなり強め
47,意外な一面・価値観,失敗するのが怖くて挑戦しづらいこと,失敗するのが怖く｜て挑戦しづらいこと,かなり軽め,かなり強め
48,意外な一面・価値観,自分なら意外とうまくやれそうな仕事,自分なら意外とう｜まくやれそうな仕事,かなり軽め,かなり強め
49,意外な一面・価値観,絶対に自分には向いていないと思う仕事,絶対に自分には向｜いていないと思う仕事,かなり軽め,かなり強め
50,意外な一面・価値観,有名になったら一番困りそうなこと,有名になったら｜一番困りそうなこと,かなり軽め,かなり強め
51,意外な一面・価値観,有名になったら一番やってみたいこと,有名になったら｜一番やってみたいこと,かなり軽め,かなり強め
52,意外な一面・価値観,一日だけ透明人間ならこっそりしたいこと,一日だけ透明人間なら｜こっそりしたいこと,かなり軽め,かなり強め
53,意外な一面・価値観,一日だけ何でも無料なら一番贅沢したいこと,一日だけ何でも無料なら｜一番贅沢したいこと,かなり軽め,かなり強め
54,意外な一面・価値観,一日だけ誰にも怒られないならやってみたいこと,一日だけ誰にも怒られないなら｜やってみたいこと,かなり軽め,かなり強め
55,意外な一面・価値観,一日だけ別の年齢になれるならしたいこと,一日だけ別の年齢になれるなら｜したいこと,かなり軽め,かなり強め
56,意外な一面・価値観,一日だけ異性になったら最初に確かめたいこと,一日だけ異性になったら｜最初に確かめたいこと,かなり軽め,かなり強め
57,意外な一面・価値観,一日だけ超能力が使えるならやってみたいこと,一日だけ超能力が使えるなら｜やってみたいこと,かなり軽め,かなり強め
58,意外な一面・価値観,過去の自分に一言だけ言えるなら伝えたいこと,過去の自分に一言だけ言えるなら｜伝えたいこと,かなり軽め,かなり強め
59,意外な一面・価値観,未来の自分に一つだけ確認したいこと,未来の自分に一つだ｜け確認したいこと,かなり軽め,かなり強め
60,意外な一面・価値観,老後になったら意外と楽しんでいそうなこと,老後になったら｜意外と楽しんでいそうなこと,かなり軽め,かなり強め
61,意外な一面・価値観,実は老後まで続けていたい習慣,実は老後まで続けていたい習慣,かなり軽め,かなり強め
62,意外な一面・価値観,自分の葬式で言われたらうれしい言葉,自分の葬式で言われたら｜うれしい言葉,かなり軽め,かなり強め
63,意外な一面・価値観,自分の人生を映画にしたら一番見せたい場面,自分の人生を映画にしたら｜一番見せたい場面,かなり軽め,かなり強め
64,意外な一面・価値観,自分の人生を映画にしたらカットしてほしい場面,自分の人生を映画にしたら｜カットしてほしい場面,かなり軽め,かなり強め
65,意外な一面・価値観,友達のためなら意外とここまでできると思うこと,友達のためなら｜意外とここまでできると思うこと,かなり軽め,かなり強め
66,意外な一面・価値観,友達でもこれは絶対に許せないと思うこと,友達でもこれは｜絶対に許せないと思うこと,かなり軽め,かなり強め
67,意外な一面・価値観,友達に秘密を打ち明けるならどんな秘密まで話せるか,友達に秘密を打ち明けるなら｜どんな秘密まで話せるか,かなり軽め,かなり強め
68,意外な一面・価値観,友達から突然頼まれたら断りづらいお願い,友達から突然頼まれたら｜断りづらいお願い,かなり軽め,かなり強め
69,意外な一面・価値観,親友だからこそ言ってほしくない一言,親友だからこそ｜言ってほしくない一言,かなり軽め,かなり強め
70,意外な一面・価値観,親友だからこそ言ってほしい本音,親友だからこそ｜言ってほしい本音,かなり軽め,かなり強め
71,意外な一面・価値観,人から相談されたら意外と真剣に考えること,人から相談されたら｜意外と真剣に考えること,かなり軽め,かなり強め
72,意外な一面・価値観,自分が相談するとしたら一番話しづらいこと,自分が相談するとしたら｜一番話しづらいこと,かなり軽め,かなり強め
73,意外な一面・価値観,褒められると照れてごまかしてしまうこと,褒められると照れてご｜まかしてしまうこと,かなり軽め,かなり強め
74,意外な一面・価値観,否定されると意外とムキになってしまうこと,否定されると｜意外とムキになってしまうこと,かなり軽め,かなり強め
75,意外な一面・価値観,自分の中では実はかなり重要なマナー,自分の中では実は｜かなり重要なマナー,かなり軽め,かなり強め
76,意外な一面・価値観,他人がやっていても意外と気にならないマナー違反,他人がやっていても｜意外と気にならないマナー違反,かなり軽め,かなり強め
77,意外な一面・価値観,旅行で一緒の人に合わせられること,旅行で一緒の人に｜合わせられること,かなり軽め,かなり強め
78,意外な一面・価値観,旅行でも絶対に自分の希望を通したいこと,旅行でも絶対に自｜分の希望を通したいこと,かなり軽め,かなり強め
79,意外な一面・価値観,共同生活で意外と我慢できること,共同生活で｜意外と我慢できること,かなり軽め,かなり強め
80,意外な一面・価値観,共同生活で絶対に我慢できないこと,共同生活で｜絶対に我慢できないこと,かなり軽め,かなり強め
81,意外な一面・価値観,急に一人暮らしになったら一番楽しみなこと,急に一人暮らしになったら｜一番楽しみなこと,かなり軽め,かなり強め
82,意外な一面・価値観,急に一人暮らしになったら一番不安なこと,急に一人暮らしになったら｜一番不安なこと,かなり軽め,かなり強め
83,意外な一面・価値観,一緒に暮らす人にだけは理解してほしい習慣,一緒に暮らす人にだけは｜理解してほしい習慣,かなり軽め,かなり強め
84,意外な一面・価値観,実は誰かに甘えてみたい場面,実は誰かに甘えてみたい場面,かなり軽め,かなり強め
85,意外な一面・価値観,自分からはなかなか謝れないと思う場面,自分からはなかなか｜謝れないと思う場面,かなり軽め,かなり強め
86,意外な一面・価値観,相手から謝られたらすぐ許せそうなこと,相手から謝られたら｜すぐ許せそうなこと,かなり軽め,かなり強め
87,意外な一面・価値観,自分が一番素直になれない相手,自分が一番素直になれない相手,かなり軽め,かなり強め
88,意外な一面・価値観,実はもっと周りに頼ってもいいと思っていること,実はもっと周りに頼ってもいいと｜思っていること,かなり軽め,かなり強め
89,意外な一面・価値観,自分が誰かに頼られるとうれしいこと,自分が誰かに頼｜られるとうれしいこと,かなり軽め,かなり強め
90,意外な一面・価値観,人に見られていない時だけやっていること,人に見られていない時だけ｜やっていること,かなり軽め,かなり強め
91,意外な一面・価値観,家の中では意外とだらしないと思うところ,家の中では｜意外とだらしないと思うところ,かなり軽め,かなり強め
92,意外な一面・価値観,外では意外とちゃんとしていると思うところ,外では意外とちゃんとして｜いると思うところ,かなり軽め,かなり強め
93,意外な一面・価値観,自分の第一印象と一番違うと思うところ,自分の第一印象と｜一番違うと思うところ,かなり軽め,かなり強め
94,意外な一面・価値観,仲良くなると初めて出てくる自分の一面,仲良くなると｜初めて出てくる自分の一面,かなり軽め,かなり強め
95,意外な一面・価値観,酔ったら出てきそうな意外な一面,酔ったら出てき｜そうな意外な一面,かなり軽め,かなり強め
96,意外な一面・価値観,追い込まれた時に出てきそうな自分の本性,追い込まれた時に｜出てきそうな自分の本性,かなり軽め,かなり強め
97,意外な一面・価値観,自分が本気で嫉妬しそうなこと,自分が本気で嫉妬しそうなこと,かなり軽め,かなり強め
98,意外な一面・価値観,実は誰かに認めてもらいたいこと,実は誰かに認めても｜らいたいこと,かなり軽め,かなり強め
99,意外な一面・価値観,これだけは人生で一度やっておきたいこと,これだけは人生で一度｜やっておきたいこと,かなり軽め,かなり強め
100,意外な一面・価値観,今のメンバーにはまだ知られていないと思う自分の一面,今のメンバーには｜まだ知られていないと思う｜自分の一面,かなり軽め,かなり強め
101,大人・下ネタ・露骨,恋人にされても意外と許せること,恋人にされても｜意外と許せること,かなり軽め,かなり強め
102,大人・下ネタ・露骨,恋人でもこれは絶対に許せないと思うこと,恋人でもこれは｜絶対に許せないと思うこと,かなり軽め,かなり強め
103,大人・下ネタ・露骨,恋人に隠しておきたい自分の一面,恋人に隠してお｜きたい自分の一面,かなり軽め,かなり強め
104,大人・下ネタ・露骨,恋人にだけ見せられそうな自分の一面,恋人にだけ見せ｜られそうな自分の一面,かなり軽め,かなり強め
105,大人・下ネタ・露骨,付き合ったら意外と甘えてしまいそうなこと,付き合ったら｜意外と甘えてしまいそうなこと,かなり軽め,かなり強め
106,大人・下ネタ・露骨,付き合ったら意外と束縛してしまいそうなこと,付き合ったら｜意外と束縛してしまいそうなこと,かなり軽め,かなり強め
107,大人・下ネタ・露骨,恋人から束縛されても許せそうなこと,恋人から束縛されても｜許せそうなこと,かなり軽め,かなり強め
108,大人・下ネタ・露骨,恋人に嫉妬してしまいそうな場面,恋人に嫉妬してしま｜いそうな場面,かなり軽め,かなり強め
109,大人・下ネタ・露骨,恋人に嫉妬されると少しうれしい場面,恋人に嫉妬されると｜少しうれしい場面,かなり軽め,かなり強め
110,大人・下ネタ・露骨,恋人に言われたら一番ドキッとする本音,恋人に言われたら｜一番ドキッとする本音,かなり軽め,かなり強め
111,大人・下ネタ・露骨,恋人に言うのが一番恥ずかしい本音,恋人に言うのが｜一番恥ずかしい本音,かなり軽め,かなり強め
112,大人・下ネタ・露骨,恋人に聞かれたら答えに困る質問,恋人に聞かれたら｜答えに困る質問,かなり軽め,かなり強め
113,大人・下ネタ・露骨,付き合う前ならどこまでのスキンシップを許せるか,付き合う前なら｜どこまでのスキンシップを許せるか,かなり軽め,かなり強め
114,大人・下ネタ・露骨,初デートでされても意外と許せる大胆なこと,初デートでされても｜意外と許せる大胆なこと,かなり軽め,かなり強め
115,大人・下ネタ・露骨,初デートでされたら一気に冷めそうなこと,初デートでされたら｜一気に冷めそうなこと,かなり軽め,かなり強め
116,大人・下ネタ・露骨,恋人との連絡で意外と我慢できること,恋人との連絡で｜意外と我慢できること,かなり軽め,かなり強め
117,大人・下ネタ・露骨,恋人から返信がなくても待てる状況,恋人から返信がなくても｜待てる状況,かなり軽め,かなり強め
118,大人・下ネタ・露骨,恋人のスマホで見つけたら気になるもの,恋人のスマホで見つけたら｜気になるもの,かなり軽め,かなり強め
119,大人・下ネタ・露骨,恋人の過去で聞いてみたいこと,恋人の過去で聞いてみたいこと,かなり軽め,かなり強め
120,大人・下ネタ・露骨,恋人の過去でできれば聞きたくないこと,恋人の過去ででき｜れば聞きたくないこと,かなり軽め,かなり強め
121,大人・下ネタ・露骨,元恋人と連絡を取っていても許せる内容,元恋人と連絡を取っていても｜許せる内容,かなり軽め,かなり強め
122,大人・下ネタ・露骨,恋人が異性と二人でしても許せること,恋人が異性と二人でしても｜許せること,かなり軽め,かなり強め
123,大人・下ネタ・露骨,どこから浮気だと思うか,どこから浮気だと思うか,かなり軽め,かなり強め
124,大人・下ネタ・露骨,浮気ではないけど嫌だと思うこと,浮気ではないけど｜嫌だと思うこと,かなり軽め,かなり強め
125,大人・下ネタ・露骨,恋人に秘密でやってみたいサプライズ,恋人に秘密でやっ｜てみたいサプライズ,かなり軽め,かなり強め
126,大人・下ネタ・露骨,恋人にされると弱い仕草,恋人にされると弱い仕草,かなり軽め,かなり強め
127,大人・下ネタ・露骨,恋人の意外な一面で見てみたいもの,恋人の意外な一｜面で見てみたいもの,かなり軽め,かなり強め
128,大人・下ネタ・露骨,恋人にだけ褒めてほしいところ,恋人にだけ褒めてほしいところ,かなり軽め,かなり強め
129,大人・下ネタ・露骨,恋人に直してほしいと言われたら直せそうなこと,恋人に直してほしいと言われたら｜直せそうなこと,かなり軽め,かなり強め
130,大人・下ネタ・露骨,恋人に言われても絶対に変えたくないこと,恋人に言われても｜絶対に変えたくないこと,かなり軽め,かなり強め
131,大人・下ネタ・露骨,恋人とのケンカで自分から折れられそうなこと,恋人とのケンカで｜自分から折れられそうなこと,かなり軽め,かなり強め
132,大人・下ネタ・露骨,恋人とケンカした時に一番してほしいこと,恋人とケンカした時に｜一番してほしいこと,かなり軽め,かなり強め
133,大人・下ネタ・露骨,恋人と一緒に暮らしたら意外と任せたいこと,恋人と一緒に暮らしたら｜意外と任せたいこと,かなり軽め,かなり強め
134,大人・下ネタ・露骨,同棲したら絶対に譲れない生活ルール,同棲したら｜絶対に譲れない生活ルール,かなり軽め,かなり強め
135,大人・下ネタ・露骨,同棲したら相手に見られたくない瞬間,同棲したら｜相手に見られたくない瞬間,かなり軽め,かなり強め
136,大人・下ネタ・露骨,同棲して初めてバレそうな自分の癖,同棲して初めてバ｜レそうな自分の癖,かなり軽め,かなり強め
137,大人・下ネタ・露骨,恋人と二人きりならやってみたい恥ずかしいこと,恋人と二人きりなら｜やってみたい恥ずかしいこと,かなり軽め,かなり強め
138,大人・下ネタ・露骨,恋人と二人きりの時だけ許せる甘え方,恋人と二人きりの時だけ｜許せる甘え方,かなり軽め,かなり強め
139,大人・下ネタ・露骨,恋人の前でつい見栄を張りそうなこと,恋人の前でつい見｜栄を張りそうなこと,かなり軽め,かなり強め
140,大人・下ネタ・露骨,恋人の前では強がってしまいそうなこと,恋人の前では強がっ｜てしまいそうなこと,かなり軽め,かなり強め
141,大人・下ネタ・露骨,恋人に言われたらかなりうれしい褒め言葉,恋人に言われたら｜かなりうれしい褒め言葉,かなり軽め,かなり強め
142,大人・下ネタ・露骨,恋人から突然言われたら照れる言葉,恋人から突然言われたら｜照れる言葉,かなり軽め,かなり強め
143,大人・下ネタ・露骨,恋人に耳元で言われたらドキッとする言葉,恋人に耳元で言われたら｜ドキッとする言葉,かなり軽め,かなり強め
144,大人・下ネタ・露骨,自分から恋人の耳元で言ってみたい言葉,自分から恋人の耳｜元で言ってみたい言葉,かなり軽め,かなり強め
145,大人・下ネタ・露骨,恋人と泊まる日に一番気にしてしまうこと,恋人と泊まる日に｜一番気にしてしまうこと,かなり軽め,かなり強め
146,大人・下ネタ・露骨,初めて一緒に泊まる夜に一番緊張すること,初めて一緒に泊まる夜に｜一番緊張すること,かなり軽め,かなり強め
147,大人・下ネタ・露骨,恋人とホテルに入ったら最初に気になりそうなこと,恋人とホテルに入ったら｜最初に気になりそうなこと,かなり軽め,かなり強め
148,大人・下ネタ・露骨,恋人との夜で一番ムードを壊しそうなこと,恋人との夜で｜一番ムードを壊しそうなこと,かなり軽め,かなり強め
149,大人・下ネタ・露骨,恋人との夜に起きたら一番笑ってしまいそうなこと,恋人との夜に起きたら｜一番笑ってしまいそうなこと,かなり軽め,かなり強め
150,大人・下ネタ・露骨,恋人との夜に起きたら一番気まずいこと,恋人との夜に起きたら｜一番気まずいこと,かなり軽め,かなり強め
151,大人・下ネタ・露骨,恋人の寝る前の姿で見てみたいもの,恋人の寝る前の姿で｜見てみたいもの,かなり軽め,かなり強め
152,大人・下ネタ・露骨,朝起きた時に恋人にされたいこと,朝起きた時に｜恋人にされたいこと,かなり軽め,かなり強め
153,大人・下ネタ・露骨,恋人とお風呂に入るなら一番恥ずかしいこと,恋人とお風呂に入るなら｜一番恥ずかしいこと,かなり軽め,かなり強め
154,大人・下ネタ・露骨,恋人とお風呂でやってみたいこと,恋人とお風呂でやっ｜てみたいこと,かなり軽め,かなり強め
155,大人・下ネタ・露骨,恋人に裸を見られる時に一番気になること,恋人に裸を見られる時に｜一番気になること,かなり軽め,かなり強め
156,大人・下ネタ・露骨,恋人の裸で意外と見てしまいそうなところ,恋人の裸で｜意外と見てしまいそうなところ,かなり軽め,かなり強め
157,大人・下ネタ・露骨,自分の体で褒められたら一番うれしいところ,自分の体で褒められたら｜一番うれしいところ,かなり軽め,かなり強め
158,大人・下ネタ・露骨,自分の体で見られると一番恥ずかしいところ,自分の体で見られると｜一番恥ずかしいところ,かなり軽め,かなり強め
159,大人・下ネタ・露骨,恋人の体で一番色気を感じそうなところ,恋人の体で｜一番色気を感じそうなところ,かなり軽め,かなり強め
160,大人・下ネタ・露骨,恋人の匂いで一番ドキッとしそうな瞬間,恋人の匂いで｜一番ドキッとしそうな瞬間,かなり軽め,かなり強め
161,大人・下ネタ・露骨,恋人に触れられたら一番ドキッとしそうな場所,恋人に触れられたら｜一番ドキッとしそうな場所,かなり軽め,かなり強め
162,大人・下ネタ・露骨,恋人にキスされるなら一番ドキッとする場所,恋人にキスされるなら｜一番ドキッとする場所,かなり軽め,かなり強め
163,大人・下ネタ・露骨,自分からキスしてみたい場所,自分からキスしてみたい場所,かなり軽め,かなり強め
164,大人・下ネタ・露骨,不意打ちでキスされても許せる場面,不意打ちでキスされても｜許せる場面,かなり軽め,かなり強め
165,大人・下ネタ・露骨,人前でも許せる恋人とのスキンシップ,人前でも許せる｜恋人とのスキンシップ,かなり軽め,かなり強め
166,大人・下ネタ・露骨,人前では絶対に恥ずかしいスキンシップ,人前では絶対に恥｜ずかしいスキンシップ,かなり軽め,かなり強め
167,大人・下ネタ・露骨,恋人と二人なら意外と大胆になれそうな場所,恋人と二人なら｜意外と大胆になれそうな場所,かなり軽め,かなり強め
168,大人・下ネタ・露骨,恋人と旅行先ならやってみたい大胆なこと,恋人と旅行先なら｜やってみたい大胆なこと,かなり軽め,かなり強め
169,大人・下ネタ・露骨,酔った勢いなら恋人に言えそうな本音,酔った勢いなら｜恋人に言えそうな本音,かなり軽め,かなり強め
170,大人・下ネタ・露骨,酔った勢いで恋人にしてしまいそうなこと,酔った勢いで｜恋人にしてしまいそうなこと,かなり軽め,かなり強め
171,大人・下ネタ・露骨,お酒が入ると大胆になりそうなこと,お酒が入ると大｜胆になりそうなこと,かなり軽め,かなり強め
172,大人・下ネタ・露骨,恋人と飲んだ夜に一番期待してしまいそうなこと,恋人と飲んだ夜に｜一番期待してしまいそうなこと,かなり軽め,かなり強め
173,大人・下ネタ・露骨,恋人に色気を感じてもらいたい瞬間,恋人に色気を感じても｜らいたい瞬間,かなり軽め,かなり強め
174,大人・下ネタ・露骨,自分が一番色っぽく見えると思う瞬間,自分が一番色っぽ｜く見えると思う瞬間,かなり軽め,かなり強め
175,大人・下ネタ・露骨,恋人の服装で一番色気を感じるもの,恋人の服装で｜一番色気を感じるもの,かなり軽め,かなり強め
176,大人・下ネタ・露骨,恋人に着てもらったらドキッとする服装,恋人に着てもらったら｜ドキッとする服装,かなり軽め,かなり強め
177,大人・下ネタ・露骨,恋人に脱いでもらうなら一番ドキドキする服装,恋人に脱いでもらうなら｜一番ドキドキする服装,かなり軽め,かなり強め
178,大人・下ネタ・露骨,自分が恋人の前で着るなら少し攻めてみたい服装,自分が恋人の前で着るなら｜少し攻めてみたい服装,かなり軽め,かなり強め
179,大人・下ネタ・露骨,恋人に見つかったら恥ずかしい大人向けのもの,恋人に見つかったら｜恥ずかしい大人向けのもの,かなり軽め,かなり強め
180,大人・下ネタ・露骨,恋人に見られたら言い訳しづらい検索履歴,恋人に見られたら｜言い訳しづらい検索履歴,かなり軽め,かなり強め
181,大人・下ネタ・露骨,恋人に知られたら少し恥ずかしい妄想,恋人に知られたら｜少し恥ずかしい妄想,かなり軽め,かなり強め
182,大人・下ネタ・露骨,実は一度くらいしてみたい恋愛の妄想,実は一度くらいしてみ｜たい恋愛の妄想,かなり軽め,かなり強め
183,大人・下ネタ・露骨,恋人と試してみたい大人っぽいシチュエーション,恋人と試してみたい｜大人っぽいシチュエーション,かなり軽め,かなり強め
184,大人・下ネタ・露骨,現実では難しいけど少し憧れる恋愛シチュエーション,現実では難しいけど｜少し憧れる恋愛シチュエーション,かなり軽め,かなり強め
185,大人・下ネタ・露骨,恋人との夜で一番大事だと思うこと,恋人との夜で｜一番大事だと思うこと,かなり軽め,かなり強め
186,大人・下ネタ・露骨,夜の相性で一番大事だと思うこと,夜の相性で｜一番大事だと思うこと,かなり軽め,かなり強め
187,大人・下ネタ・露骨,セックスの前に一番大事にしたいこと,セックスの前に｜一番大事にしたいこと,かなり軽め,かなり強め
188,大人・下ネタ・露骨,セックスの後に一番してほしいこと,セックスの後に｜一番してほしいこと,かなり軽め,かなり強め
189,大人・下ネタ・露骨,セックスの後に自分からしてあげたいこと,セックスの後に｜自分からしてあげたいこと,かなり軽め,かなり強め
190,大人・下ネタ・露骨,セックスの前に言われたら興奮しそうな言葉,セックスの前に言われたら｜興奮しそうな言葉,かなり軽め,かなり強め
191,大人・下ネタ・露骨,セックス中に言われたらうれしい言葉,セックス中に｜言われたらうれしい言葉,かなり軽め,かなり強め
192,大人・下ネタ・露骨,セックス中に自分から言ってみたい言葉,セックス中に｜自分から言ってみたい言葉,かなり軽め,かなり強め
193,大人・下ネタ・露骨,セックスの後に言われたらうれしい一言,セックスの後に｜言われたらうれしい一言,かなり軽め,かなり強め
194,大人・下ネタ・露骨,セックス中に一番恥ずかしいと思う瞬間,セックス中に｜一番恥ずかしいと思う瞬間,かなり軽め,かなり強め
195,大人・下ネタ・露骨,セックス中に起きたら一番気まずいハプニング,セックス中に起きたら｜一番気まずいハプニング,かなり軽め,かなり強め
196,大人・下ネタ・露骨,セックス中に起きても意外と笑って許せそうなこと,セックス中に起きても｜意外と笑って許せそうなこと,かなり軽め,かなり強め
197,大人・下ネタ・露骨,初めてセックスする相手なら一番気になること,初めてセックスする相手なら｜一番気になること,かなり軽め,かなり強め
198,大人・下ネタ・露骨,初めての相手に一番伝えておきたいこと,初めての相手に｜一番伝えておきたいこと,かなり軽め,かなり強め
199,大人・下ネタ・露骨,セックスの相性がいいと感じそうな瞬間,セックスの相性が｜いいと感じそうな瞬間,かなり軽め,かなり強め
200,大人・下ネタ・露骨,セックスの相性が悪いと感じそうな瞬間,セックスの相性が悪｜いと感じそうな瞬間,かなり軽め,かなり強め
201,大人・下ネタ・露骨,セックスで相手に一番気を遣ってほしいこと,セックスで相手に｜一番気を遣ってほしいこと,かなり軽め,かなり強め
202,大人・下ネタ・露骨,セックスで自分が一番気を遣いそうなこと,セックスで自分が｜一番気を遣いそうなこと,かなり軽め,かなり強め
203,大人・下ネタ・露骨,セックスで一番大切にしたい雰囲気,セックスで｜一番大切にしたい雰囲気,かなり軽め,かなり強め
204,大人・下ネタ・露骨,セックスで一番恥ずかしくて言いづらい希望,セックスで一番恥ずかしくて｜言いづらい希望,かなり軽め,かなり強め
205,大人・下ネタ・露骨,恋人に夜の好みを聞かれたら答えづらいこと,恋人に夜の好みを聞かれたら｜答えづらいこと,かなり軽め,かなり強め
206,大人・下ネタ・露骨,恋人になら伝えてみたい夜の好み,恋人になら｜伝えてみたい夜の好み,かなり軽め,かなり強め
207,大人・下ネタ・露骨,恋人からお願いされたら照れそうな夜のお願い,恋人からお願いされたら｜照れそうな夜のお願い,かなり軽め,かなり強め
208,大人・下ネタ・露骨,恋人からお願いされても断りそうな夜のお願い,恋人からお願いされても｜断りそうな夜のお願い,かなり軽め,かなり強め
209,大人・下ネタ・露骨,自分からお願いするなら勇気が必要な夜のお願い,自分からお願いするなら｜勇気が必要な夜のお願い,かなり軽め,かなり強め
210,大人・下ネタ・露骨,セックスで試してみたい体位,セックスで試してみたい体位,かなり軽め,かなり強め
211,大人・下ネタ・露骨,セックスでちょっと苦手そうな体位,セックスでちょ｜っと苦手そうな体位,かなり軽め,かなり強め
212,大人・下ネタ・露骨,一度くらい試してみたい大人向けの遊び,一度くらい試してみたい｜大人向けの遊び,かなり軽め,かなり強め
213,大人・下ネタ・露骨,大人のおもちゃを使うなら試してみたいもの,大人のおもちゃを使うなら｜試してみたいもの,かなり軽め,かなり強め
214,大人・下ネタ・露骨,大人のおもちゃを恋人から提案されたら恥ずかしいもの,大人のおもちゃを恋人から提案されたら｜恥ずかしいもの,かなり軽め,かなり強め
215,大人・下ネタ・露骨,ラブホテルで一番試してみたい設備,ラブホテルで｜一番試してみたい設備,かなり軽め,かなり強め
216,大人・下ネタ・露骨,ラブホテルで一番テンションが上がりそうなもの,ラブホテルで｜一番テンションが上がりそうなもの,かなり軽め,かなり強め
217,大人・下ネタ・露骨,ラブホテルで逆にちょっと引いてしまいそうな設備,ラブホテルで逆に｜ちょっと引いてしまいそうな設備,かなり軽め,かなり強め
218,大人・下ネタ・露骨,旅行先のホテルなら試してみたい大人っぽいこと,旅行先のホテルなら｜試してみたい大人っぽいこと,かなり軽め,かなり強め
219,大人・下ネタ・露骨,自宅だからこそ試してみたい夜の過ごし方,自宅だからこそ｜試してみたい夜の過ごし方,かなり軽め,かなり強め
220,大人・下ネタ・露骨,いつもと違う場所ならしてみたいこと,いつもと違う場所なら｜してみたいこと,かなり軽め,かなり強め
221,大人・下ネタ・露骨,セックスするなら一番ムードが高まりそうな場所,セックスするなら｜一番ムードが高まりそうな場所,かなり軽め,かなり強め
222,大人・下ネタ・露骨,セックスする場所としてギリギリありだと思う場所,セックスする場所として｜ギリギリありだと思う場所,かなり軽め,かなり強め
223,大人・下ネタ・露骨,セックスする場所として絶対なしだと思う場所,セックスする場所として｜絶対なしだと思う場所,かなり軽め,かなり強め
224,大人・下ネタ・露骨,夜のマンネリを解消するなら試してみたいこと,夜のマンネリを解消するなら｜試してみたいこと,かなり軽め,かなり強め
225,大人・下ネタ・露骨,恋人との夜に音楽を流すならどんな雰囲気がいいか,恋人との夜に音楽を流すなら｜どんな雰囲気がいいか,かなり軽め,かなり強め
226,大人・下ネタ・露骨,恋人との夜に照明を変えるならどんな雰囲気がいいか,恋人との夜に照明を変えるなら｜どんな雰囲気がいいか,かなり軽め,かなり強め
227,大人・下ネタ・露骨,恋人との夜に一番邪魔されたくないもの,恋人との夜に｜一番邪魔されたくないもの,かなり軽め,かなり強め
228,大人・下ネタ・露骨,恋人との夜でスマホをどうしておきたいか,恋人との夜でスマホを｜どうしておきたいか,かなり軽め,かなり強め
229,大人・下ネタ・露骨,セックスの頻度について自分から言いづらい本音,セックスの頻度について｜自分から言いづらい本音,かなり軽め,かなり強め
230,大人・下ネタ・露骨,恋人とのスキンシップの頻度で理想だと思うこと,恋人とのスキンシップの頻｜度で理想だと思うこと,かなり軽め,かなり強め
231,大人・下ネタ・露骨,キスの頻度で理想だと思うこと,キスの頻度で理想だと思うこと,かなり軽め,かなり強め
232,大人・下ネタ・露骨,一緒に寝る時に一番してほしいこと,一緒に寝る時に｜一番してほしいこと,かなり軽め,かなり強め
233,大人・下ネタ・露骨,一緒に寝る時にされたら困ること,一緒に寝る時に｜されたら困ること,かなり軽め,かなり強め
234,大人・下ネタ・露骨,寝起きでも恋人になら見せられそうな姿,寝起きでも恋人になら｜見せられそうな姿,かなり軽め,かなり強め
235,大人・下ネタ・露骨,寝起きに恋人からされたらうれしいこと,寝起きに恋人からされたら｜うれしいこと,かなり軽め,かなり強め
236,大人・下ネタ・露骨,恋人とベッドで話してみたい本音,恋人とベッドで｜話してみたい本音,かなり軽め,かなり強め
237,大人・下ネタ・露骨,ベッドの中だからこそ聞いてみたい質問,ベッドの中だからこそ｜聞いてみたい質問,かなり軽め,かなり強め
238,大人・下ネタ・露骨,恋人に過去の経験人数を聞かれたらどう答えたいか,恋人に過去の経験人数を聞かれたら｜どう答えたいか,かなり軽め,かなり強め
239,大人・下ネタ・露骨,恋人の過去の経験でどこまでなら聞きたいか,恋人の過去の経験で｜どこまでなら聞きたいか,かなり軽め,かなり強め
240,大人・下ネタ・露骨,恋人と性の価値観について一番話しておきたいこと,恋人と性の価値観について｜一番話しておきたいこと,かなり軽め,かなり強め
241,大人・下ネタ・露骨,恋人に性の悩みを相談するなら何から話せそうか,恋人に性の悩みを相談するなら｜何から話せそうか,かなり軽め,かなり強め
242,大人・下ネタ・露骨,自分の性癖で恋人になら話してみてもいいこと,自分の性癖で恋人になら｜話してみてもいいこと,かなり軽め,かなり強め
243,大人・下ネタ・露骨,恋人の性癖として聞いても驚かなそうなもの,恋人の性癖として聞いても｜驚かなそうなもの,かなり軽め,かなり強め
244,大人・下ネタ・露骨,恋人の性癖として聞いたら驚きそうなもの,恋人の性癖として｜聞いたら驚きそうなもの,かなり軽め,かなり強め
245,大人・下ネタ・露骨,恋人と一緒なら見てもいいと思う大人向けコンテンツ,恋人と一緒なら｜見てもいいと思う大人向けコンテンツ,かなり軽め,かなり強め
246,大人・下ネタ・露骨,恋人と一緒に見るのは恥ずかしい大人向けコンテンツ,恋人と一緒に見るのは｜恥ずかしい大人向けコンテンツ,かなり軽め,かなり強め
247,大人・下ネタ・露骨,恋人に自分の大人向けコンテンツの好みを知られたら恥ずかしいこと,恋人に自分の｜大人向けコンテンツの好みを｜知られたら恥ずかしいこと,かなり軽め,かなり強め
248,大人・下ネタ・露骨,恋人と大人向けコンテンツについて話すなら聞いてみたいこと,恋人と大人向けコンテンツについて｜話すなら聞いてみたいこと,かなり軽め,かなり強め
249,大人・下ネタ・露骨,恋人に下着を選んでもらうならどんなものまで任せられるか,恋人に下着を選んでもらうなら｜どんなものまで任せられるか,かなり軽め,かなり強め
250,大人・下ネタ・露骨,恋人の下着で意外と気になりそうなポイント,恋人の下着で｜意外と気になりそうなポイント,かなり軽め,かなり強め
